{"cameraMode":{"drawMode":0,"name":"Shaded","section":"Shading Mode"},"sceneLighting":false,"audioPlay":false,"sceneViewState":{"m_AlwaysRefresh":false,"showFog":true,"showSkybox":false,"showFlares":true,"showImageEffects":true,"showParticleSystems":true,"showVisualEffectGraphs":true,"m_FxEnabled":true},"in2DMode":false,"pivot":{"x":-0.1899884045124054,"y":3.837421417236328,"z":0.7232138514518738},"rotation":{"x":0.12090086936950684,"y":-0.00833799783140421,"z":0.000985708087682724,"w":0.9926520586013794},"size":18.636011123657228,"orthographic":false}