{"cameraMode":{"drawMode":0,"name":"Shaded","section":"Shading Mode"},"sceneLighting":false,"audioPlay":false,"sceneViewState":{"m_AlwaysRefresh":false,"showFog":true,"showSkybox":true,"showFlares":true,"showImageEffects":true,"showParticleSystems":true,"showVisualEffectGraphs":true,"m_FxEnabled":true},"in2DMode":false,"pivot":{"x":-2.6586339473724367,"y":18.453514099121095,"z":-21.30809211730957},"rotation":{"x":0.17767463624477387,"y":-0.05088571086525917,"z":0.008550798520445824,"w":0.9829177260398865},"size":19.333621978759767,"orthographic":false}