{"cameraMode":{"drawMode":0,"name":"Shaded","section":"Shading Mode"},"sceneLighting":false,"audioPlay":false,"sceneViewState":{"m_AlwaysRefresh":false,"showFog":true,"showSkybox":true,"showFlares":true,"showImageEffects":true,"showParticleSystems":true,"showVisualEffectGraphs":true,"m_FxEnabled":true},"in2DMode":false,"pivot":{"x":1.6000001430511475,"y":23.700000762939454,"z":-60.19999694824219},"rotation":{"x":0.17767463624477387,"y":-0.05088571086525917,"z":0.008550798520445824,"w":0.9829177260398865},"size":12.124354362487793,"orthographic":false}