{"cameraMode":{"drawMode":0,"name":"Shaded","section":"Shading Mode"},"sceneLighting":false,"audioPlay":false,"sceneViewState":{"m_AlwaysRefresh":false,"showFog":true,"showSkybox":true,"showFlares":true,"showImageEffects":true,"showParticleSystems":true,"showVisualEffectGraphs":true,"m_FxEnabled":true},"in2DMode":false,"pivot":{"x":-1.8693336248397828,"y":19.048931121826173,"z":-12.600830078125},"rotation":{"x":0.09586653113365174,"y":0.0023205624893307688,"z":-0.00085576152196154,"w":0.9955700039863586},"size":24.44161033630371,"orthographic":false}