{"cameraMode":{"drawMode":0,"name":"Shaded","section":"Shading Mode"},"sceneLighting":false,"audioPlay":false,"sceneViewState":{"m_AlwaysRefresh":false,"showFog":true,"showSkybox":true,"showFlares":true,"showImageEffects":true,"showParticleSystems":true,"showVisualEffectGraphs":true,"m_FxEnabled":true},"in2DMode":false,"pivot":{"x":-35.269081115722659,"y":104.71851348876953,"z":7.706222057342529},"rotation":{"x":0.17767463624477387,"y":-0.05088571086525917,"z":0.008550798520445824,"w":0.9829177260398865},"size":4.652388572692871,"orthographic":false}